"filename", "language", "Markdown", "JavaScript", "XML", "CSS", "HTML", "SCSS", "JSON", "JavaScript React", "Log", "comment", "blank", "total"
"c:\Users\Administrator\Desktop\bounce v2.0\bounce-kyc\.idea\bounce-kyc.iml", "XML", 0, 0, 12, 0, 0, 0, 0, 0, 0, 0, 0, 12
"c:\Users\Administrator\Desktop\bounce v2.0\bounce-kyc\.idea\codeStyles\codeStyleConfig.xml", "XML", 0, 0, 5, 0, 0, 0, 0, 0, 0, 0, 0, 5
"c:\Users\Administrator\Desktop\bounce v2.0\bounce-kyc\.idea\inspectionProfiles\Project_Default.xml", "XML", 0, 0, 6, 0, 0, 0, 0, 0, 0, 0, 0, 6
"c:\Users\Administrator\Desktop\bounce v2.0\bounce-kyc\.idea\inspectionProfiles\profiles_settings.xml", "XML", 0, 0, 5, 0, 0, 0, 0, 0, 0, 0, 0, 5
"c:\Users\Administrator\Desktop\bounce v2.0\bounce-kyc\.idea\misc.xml", "XML", 0, 0, 6, 0, 0, 0, 0, 0, 0, 0, 0, 6
"c:\Users\Administrator\Desktop\bounce v2.0\bounce-kyc\.idea\modules.xml", "XML", 0, 0, 8, 0, 0, 0, 0, 0, 0, 0, 0, 8
"c:\Users\Administrator\Desktop\bounce v2.0\bounce-kyc\.idea\vcs.xml", "XML", 0, 0, 6, 0, 0, 0, 0, 0, 0, 0, 0, 6
"c:\Users\Administrator\Desktop\bounce v2.0\bounce-kyc\README.md", "Markdown", 38, 0, 0, 0, 0, 0, 0, 0, 0, 0, 33, 71
"c:\Users\Administrator\Desktop\bounce v2.0\bounce-kyc\package.json", "JSON", 0, 0, 0, 0, 0, 0, 56, 0, 0, 0, 0, 56
"c:\Users\Administrator\Desktop\bounce v2.0\bounce-kyc\public\index.html", "HTML", 0, 0, 0, 0, 20, 0, 0, 0, 0, 23, 1, 44
"c:\Users\Administrator\Desktop\bounce v2.0\bounce-kyc\public\logo.svg", "XML", 0, 0, 4, 0, 0, 0, 0, 0, 0, 8, 2, 14
"c:\Users\Administrator\Desktop\bounce v2.0\bounce-kyc\public\manifest.json", "JSON", 0, 0, 0, 0, 0, 0, 25, 0, 0, 0, 1, 26
"c:\Users\Administrator\Desktop\bounce v2.0\bounce-kyc\src\App.css", "CSS", 0, 0, 0, 185, 0, 0, 0, 0, 0, 8, 29, 222
"c:\Users\Administrator\Desktop\bounce v2.0\bounce-kyc\src\App.js", "JavaScript", 0, 33, 0, 0, 0, 0, 0, 0, 0, 1, 5, 39
"c:\Users\Administrator\Desktop\bounce v2.0\bounce-kyc\src\Font.css", "CSS", 0, 0, 0, 25, 0, 0, 0, 0, 0, 0, 4, 29
"c:\Users\Administrator\Desktop\bounce v2.0\bounce-kyc\src\assets\bounce-loading.json", "JSON", 0, 0, 0, 0, 0, 0, 1, 0, 0, 0, 0, 1
"c:\Users\Administrator\Desktop\bounce v2.0\bounce-kyc\src\assets\css\_modal.scss", "SCSS", 0, 0, 0, 0, 0, 251, 0, 0, 0, 0, 69, 320
"c:\Users\Administrator\Desktop\bounce v2.0\bounce-kyc\src\assets\icons\checkbox.svg", "XML", 0, 0, 7, 0, 0, 0, 0, 0, 0, 0, 0, 7
"c:\Users\Administrator\Desktop\bounce v2.0\bounce-kyc\src\assets\icons\close.svg", "XML", 0, 0, 3, 0, 0, 0, 0, 0, 0, 0, 0, 3
"c:\Users\Administrator\Desktop\bounce v2.0\bounce-kyc\src\assets\icons\copy-black.svg", "XML", 0, 0, 6, 0, 0, 0, 0, 0, 0, 0, 1, 7
"c:\Users\Administrator\Desktop\bounce v2.0\bounce-kyc\src\assets\icons\copy-white.svg", "XML", 0, 0, 6, 0, 0, 0, 0, 0, 0, 0, 1, 7
"c:\Users\Administrator\Desktop\bounce v2.0\bounce-kyc\src\assets\icons\down.svg", "XML", 0, 0, 3, 0, 0, 0, 0, 0, 0, 0, 1, 4
"c:\Users\Administrator\Desktop\bounce v2.0\bounce-kyc\src\assets\icons\facebook.svg", "XML", 0, 0, 3, 0, 0, 0, 0, 0, 0, 0, 1, 4
"c:\Users\Administrator\Desktop\bounce v2.0\bounce-kyc\src\assets\icons\github.svg", "XML", 0, 0, 1, 0, 0, 0, 0, 0, 0, 0, 0, 1
"c:\Users\Administrator\Desktop\bounce v2.0\bounce-kyc\src\assets\icons\icon-close-white.svg", "XML", 0, 0, 3, 0, 0, 0, 0, 0, 0, 0, 1, 4
"c:\Users\Administrator\Desktop\bounce v2.0\bounce-kyc\src\assets\icons\icon-close.svg", "XML", 0, 0, 3, 0, 0, 0, 0, 0, 0, 0, 1, 4
"c:\Users\Administrator\Desktop\bounce v2.0\bounce-kyc\src\assets\icons\icon-error.svg", "XML", 0, 0, 3, 0, 0, 0, 0, 0, 0, 0, 1, 4
"c:\Users\Administrator\Desktop\bounce v2.0\bounce-kyc\src\assets\icons\icon-eye-closed.svg", "XML", 0, 0, 4, 0, 0, 0, 0, 0, 0, 0, 1, 5
"c:\Users\Administrator\Desktop\bounce v2.0\bounce-kyc\src\assets\icons\icon-eye-open.svg", "XML", 0, 0, 3, 0, 0, 0, 0, 0, 0, 0, 1, 4
"c:\Users\Administrator\Desktop\bounce v2.0\bounce-kyc\src\assets\icons\icon-success.svg", "XML", 0, 0, 3, 0, 0, 0, 0, 0, 0, 0, 1, 4
"c:\Users\Administrator\Desktop\bounce v2.0\bounce-kyc\src\assets\icons\index-medium.svg", "XML", 0, 0, 5, 0, 0, 0, 0, 0, 0, 0, 1, 6
"c:\Users\Administrator\Desktop\bounce v2.0\bounce-kyc\src\assets\icons\index-telegram.svg", "XML", 0, 0, 3, 0, 0, 0, 0, 0, 0, 0, 1, 4
"c:\Users\Administrator\Desktop\bounce v2.0\bounce-kyc\src\assets\icons\index-twitter.svg", "XML", 0, 0, 5, 0, 0, 0, 0, 0, 0, 0, 1, 6
"c:\Users\Administrator\Desktop\bounce v2.0\bounce-kyc\src\assets\icons\matemask.svg", "XML", 0, 0, 32, 0, 0, 0, 0, 0, 0, 0, 1, 33
"c:\Users\Administrator\Desktop\bounce v2.0\bounce-kyc\src\assets\icons\radio.svg", "XML", 0, 0, 4, 0, 0, 0, 0, 0, 0, 0, 1, 5
"c:\Users\Administrator\Desktop\bounce v2.0\bounce-kyc\src\assets\icons\right.svg", "XML", 0, 0, 3, 0, 0, 0, 0, 0, 0, 0, 1, 4
"c:\Users\Administrator\Desktop\bounce v2.0\bounce-kyc\src\assets\icons\telegram.svg", "XML", 0, 0, 3, 0, 0, 0, 0, 0, 0, 0, 1, 4
"c:\Users\Administrator\Desktop\bounce v2.0\bounce-kyc\src\assets\icons\tick.svg", "XML", 0, 0, 3, 0, 0, 0, 0, 0, 0, 0, 1, 4
"c:\Users\Administrator\Desktop\bounce v2.0\bounce-kyc\src\assets\icons\tick_white.svg", "XML", 0, 0, 3, 0, 0, 0, 0, 0, 0, 0, 1, 4
"c:\Users\Administrator\Desktop\bounce v2.0\bounce-kyc\src\assets\icons\twitter.svg", "XML", 0, 0, 3, 0, 0, 0, 0, 0, 0, 0, 1, 4
"c:\Users\Administrator\Desktop\bounce v2.0\bounce-kyc\src\assets\icons\walletconnect.svg", "XML", 0, 0, 3, 0, 0, 0, 0, 0, 0, 0, 1, 4
"c:\Users\Administrator\Desktop\bounce v2.0\bounce-kyc\src\assets\icons\warning.svg", "XML", 0, 0, 3, 0, 0, 0, 0, 0, 0, 0, 1, 4
"c:\Users\Administrator\Desktop\bounce v2.0\bounce-kyc\src\assets\images\back1.svg", "XML", 0, 0, 40, 0, 0, 0, 0, 0, 0, 0, 1, 41
"c:\Users\Administrator\Desktop\bounce v2.0\bounce-kyc\src\assets\images\back2.svg", "XML", 0, 0, 3, 0, 0, 0, 0, 0, 0, 0, 1, 4
"c:\Users\Administrator\Desktop\bounce v2.0\bounce-kyc\src\assets\images\back3.svg", "XML", 0, 0, 3, 0, 0, 0, 0, 0, 0, 0, 1, 4
"c:\Users\Administrator\Desktop\bounce v2.0\bounce-kyc\src\assets\images\back4.svg", "XML", 0, 0, 3, 0, 0, 0, 0, 0, 0, 0, 1, 4
"c:\Users\Administrator\Desktop\bounce v2.0\bounce-kyc\src\assets\images\back5.svg", "XML", 0, 0, 3, 0, 0, 0, 0, 0, 0, 0, 1, 4
"c:\Users\Administrator\Desktop\bounce v2.0\bounce-kyc\src\assets\images\back6.svg", "XML", 0, 0, 3, 0, 0, 0, 0, 0, 0, 0, 1, 4
"c:\Users\Administrator\Desktop\bounce v2.0\bounce-kyc\src\assets\images\bule-check.svg", "XML", 0, 0, 4, 0, 0, 0, 0, 0, 0, 0, 1, 5
"c:\Users\Administrator\Desktop\bounce v2.0\bounce-kyc\src\assets\images\bule-people.svg", "XML", 0, 0, 4, 0, 0, 0, 0, 0, 0, 0, 1, 5
"c:\Users\Administrator\Desktop\bounce v2.0\bounce-kyc\src\assets\images\bule-star.svg", "XML", 0, 0, 3, 0, 0, 0, 0, 0, 0, 0, 1, 4
"c:\Users\Administrator\Desktop\bounce v2.0\bounce-kyc\src\assets\images\cancel.svg", "XML", 0, 0, 3, 0, 0, 0, 0, 0, 0, 0, 1, 4
"c:\Users\Administrator\Desktop\bounce v2.0\bounce-kyc\src\assets\images\icon-return.svg", "XML", 0, 0, 3, 0, 0, 0, 0, 0, 0, 0, 1, 4
"c:\Users\Administrator\Desktop\bounce v2.0\bounce-kyc\src\assets\images\kyc.svg", "XML", 0, 0, 55, 0, 0, 0, 0, 0, 0, 0, 1, 56
"c:\Users\Administrator\Desktop\bounce v2.0\bounce-kyc\src\assets\images\lattice.svg", "XML", 0, 0, 27, 0, 0, 0, 0, 0, 0, 0, 1, 28
"c:\Users\Administrator\Desktop\bounce v2.0\bounce-kyc\src\assets\images\radio.svg", "XML", 0, 0, 3, 0, 0, 0, 0, 0, 0, 0, 1, 4
"c:\Users\Administrator\Desktop\bounce v2.0\bounce-kyc\src\assets\images\radio_sel.svg", "XML", 0, 0, 4, 0, 0, 0, 0, 0, 0, 0, 1, 5
"c:\Users\Administrator\Desktop\bounce v2.0\bounce-kyc\src\assets\images\upload-img.svg", "XML", 0, 0, 3, 0, 0, 0, 0, 0, 0, 0, 1, 4
"c:\Users\Administrator\Desktop\bounce v2.0\bounce-kyc\src\assets\images\walletConnectIcon.svg", "XML", 0, 0, 9, 0, 0, 0, 0, 0, 0, 0, 1, 10
"c:\Users\Administrator\Desktop\bounce v2.0\bounce-kyc\src\assets\logo\logo-black.svg", "XML", 0, 0, 14, 0, 0, 0, 0, 0, 0, 0, 1, 15
"c:\Users\Administrator\Desktop\bounce v2.0\bounce-kyc\src\assets\logo\logo-white.svg", "XML", 0, 0, 14, 0, 0, 0, 0, 0, 0, 0, 1, 15
"c:\Users\Administrator\Desktop\bounce v2.0\bounce-kyc\src\components\WalletConnect.js", "JavaScript", 0, 87, 0, 0, 0, 0, 0, 0, 0, 4, 19, 110
"c:\Users\Administrator\Desktop\bounce v2.0\bounce-kyc\src\components\WalletItem.jsx", "JavaScript React", 0, 0, 0, 0, 0, 0, 0, 22, 0, 0, 2, 24
"c:\Users\Administrator\Desktop\bounce v2.0\bounce-kyc\src\components\common\AuctionTipModal.js", "JavaScript", 0, 135, 0, 0, 0, 0, 0, 0, 0, 0, 10, 145
"c:\Users\Administrator\Desktop\bounce v2.0\bounce-kyc\src\components\common\BidModal.js", "JavaScript", 0, 46, 0, 0, 0, 0, 0, 0, 0, 0, 10, 56
"c:\Users\Administrator\Desktop\bounce v2.0\bounce-kyc\src\components\common\Button.js", "JavaScript", 0, 40, 0, 0, 0, 0, 0, 0, 0, 0, 11, 51
"c:\Users\Administrator\Desktop\bounce v2.0\bounce-kyc\src\components\common\Form.js", "JavaScript", 0, 157, 0, 0, 0, 0, 0, 0, 0, 2, 17, 176
"c:\Users\Administrator\Desktop\bounce v2.0\bounce-kyc\src\components\common\Layout.jsx", "JavaScript React", 0, 0, 0, 0, 0, 0, 0, 437, 0, 4, 77, 518
"c:\Users\Administrator\Desktop\bounce v2.0\bounce-kyc\src\components\common\Modal.js", "JavaScript", 0, 181, 0, 0, 0, 0, 0, 0, 0, 0, 25, 206
"c:\Users\Administrator\Desktop\bounce v2.0\bounce-kyc\src\components\common\PasswordMpdal.js", "JavaScript", 0, 43, 0, 0, 0, 0, 0, 0, 0, 0, 14, 57
"c:\Users\Administrator\Desktop\bounce v2.0\bounce-kyc\src\components\common\TipLink.js", "JavaScript", 0, 25, 0, 0, 0, 0, 0, 0, 0, 0, 5, 30
"c:\Users\Administrator\Desktop\bounce v2.0\bounce-kyc\src\components\common\message.js", "JavaScript", 0, 64, 0, 0, 0, 0, 0, 0, 0, 0, 6, 70
"c:\Users\Administrator\Desktop\bounce v2.0\bounce-kyc\src\components\styled.js", "JavaScript", 0, 34, 0, 0, 0, 0, 0, 0, 0, 0, 4, 38
"c:\Users\Administrator\Desktop\bounce v2.0\bounce-kyc\src\components\useWeb3React.js", "JavaScript", 0, 14, 0, 0, 0, 0, 0, 0, 0, 1, 4, 19
"c:\Users\Administrator\Desktop\bounce v2.0\bounce-kyc\src\config\request_api.js", "JavaScript", 0, 9, 0, 0, 0, 0, 0, 0, 0, 0, 2, 11
"c:\Users\Administrator\Desktop\bounce v2.0\bounce-kyc\src\const.js", "JavaScript", 0, 34, 0, 0, 0, 0, 0, 0, 0, 0, 12, 46
"c:\Users\Administrator\Desktop\bounce v2.0\bounce-kyc\src\hooks\useDebounce.js", "JavaScript", 0, 13, 0, 0, 0, 0, 0, 0, 0, 5, 5, 23
"c:\Users\Administrator\Desktop\bounce v2.0\bounce-kyc\src\hooks\useLeftTime.js", "JavaScript", 0, 35, 0, 0, 0, 0, 0, 0, 0, 0, 6, 41
"c:\Users\Administrator\Desktop\bounce v2.0\bounce-kyc\src\index.js", "JavaScript", 0, 7, 0, 0, 0, 0, 0, 0, 0, 0, 2, 9
"c:\Users\Administrator\Desktop\bounce v2.0\bounce-kyc\src\pages\ApplySale\Step1.jsx", "JavaScript React", 0, 0, 0, 0, 0, 0, 0, 129, 0, 0, 20, 149
"c:\Users\Administrator\Desktop\bounce v2.0\bounce-kyc\src\pages\ApplySale\Step2.jsx", "JavaScript React", 0, 0, 0, 0, 0, 0, 0, 75, 0, 0, 15, 90
"c:\Users\Administrator\Desktop\bounce v2.0\bounce-kyc\src\pages\ApplySale\Step3.jsx", "JavaScript React", 0, 0, 0, 0, 0, 0, 0, 27, 0, 0, 5, 32
"c:\Users\Administrator\Desktop\bounce v2.0\bounce-kyc\src\pages\ApplySale\Step4.jsx", "JavaScript React", 0, 0, 0, 0, 0, 0, 0, 52, 0, 0, 11, 63
"c:\Users\Administrator\Desktop\bounce v2.0\bounce-kyc\src\pages\ApplySale\Step5.jsx", "JavaScript React", 0, 0, 0, 0, 0, 0, 0, 80, 0, 1, 15, 96
"c:\Users\Administrator\Desktop\bounce v2.0\bounce-kyc\src\pages\ApplySale\Step6.jsx", "JavaScript React", 0, 0, 0, 0, 0, 0, 0, 35, 0, 2, 7, 44
"c:\Users\Administrator\Desktop\bounce v2.0\bounce-kyc\src\pages\ApplySale\index.jsx", "JavaScript React", 0, 0, 0, 0, 0, 0, 0, 46, 0, 0, 10, 56
"c:\Users\Administrator\Desktop\bounce v2.0\bounce-kyc\src\pages\ApplySale\styled.js", "JavaScript", 0, 119, 0, 0, 0, 0, 0, 0, 0, 0, 20, 139
"c:\Users\Administrator\Desktop\bounce v2.0\bounce-kyc\src\pages\CertifiedSales\Apply.jsx", "JavaScript React", 0, 0, 0, 0, 0, 0, 0, 69, 0, 1, 10, 80
"c:\Users\Administrator\Desktop\bounce v2.0\bounce-kyc\src\pages\CertifiedSales\ApplyModal.js", "JavaScript", 0, 53, 0, 0, 0, 0, 0, 0, 0, 0, 12, 65
"c:\Users\Administrator\Desktop\bounce v2.0\bounce-kyc\src\pages\CertifiedSales\Card.jsx", "JavaScript React", 0, 0, 0, 0, 0, 0, 0, 130, 0, 2, 21, 153
"c:\Users\Administrator\Desktop\bounce v2.0\bounce-kyc\src\pages\CertifiedSales\CardHeader.jsx", "JavaScript React", 0, 0, 0, 0, 0, 0, 0, 28, 0, 0, 4, 32
"c:\Users\Administrator\Desktop\bounce v2.0\bounce-kyc\src\pages\CertifiedSales\Detail\index.jsx", "JavaScript React", 0, 0, 0, 0, 0, 0, 0, 9, 0, 0, 2, 11
"c:\Users\Administrator\Desktop\bounce v2.0\bounce-kyc\src\pages\CertifiedSales\Detail\styled.js", "JavaScript", 0, 3, 0, 0, 0, 0, 0, 0, 0, 0, 2, 5
"c:\Users\Administrator\Desktop\bounce v2.0\bounce-kyc\src\pages\CertifiedSales\LearnMore\index.jsx", "JavaScript React", 0, 0, 0, 0, 0, 0, 0, 129, 0, 0, 21, 150
"c:\Users\Administrator\Desktop\bounce v2.0\bounce-kyc\src\pages\CertifiedSales\LearnMore\styled.js", "JavaScript", 0, 59, 0, 0, 0, 0, 0, 0, 0, 0, 12, 71
"c:\Users\Administrator\Desktop\bounce v2.0\bounce-kyc\src\pages\CertifiedSales\Progress.jsx", "JavaScript React", 0, 0, 0, 0, 0, 0, 0, 32, 0, 0, 5, 37
"c:\Users\Administrator\Desktop\bounce v2.0\bounce-kyc\src\pages\CertifiedSales\hooks.js", "JavaScript", 0, 25, 0, 0, 0, 0, 0, 0, 0, 0, 5, 30
"c:\Users\Administrator\Desktop\bounce v2.0\bounce-kyc\src\pages\CertifiedSales\index.jsx", "JavaScript React", 0, 0, 0, 0, 0, 0, 0, 13, 0, 0, 2, 15
"c:\Users\Administrator\Desktop\bounce v2.0\bounce-kyc\src\pages\CertifiedSales\styled.js", "JavaScript", 0, 169, 0, 0, 0, 0, 0, 0, 0, 0, 26, 195
"c:\Users\Administrator\Desktop\bounce v2.0\bounce-kyc\src\pages\FixedSwap\Detail.js", "JavaScript", 0, 397, 0, 0, 0, 0, 0, 0, 0, 0, 54, 451
"c:\Users\Administrator\Desktop\bounce v2.0\bounce-kyc\src\pages\FixedSwap\Hooks.js", "JavaScript", 0, 165, 0, 0, 0, 0, 0, 0, 0, 1, 35, 201
"c:\Users\Administrator\Desktop\bounce v2.0\bounce-kyc\src\pages\Home\index.jsx", "JavaScript React", 0, 0, 0, 0, 0, 0, 0, 189, 0, 0, 27, 216
"c:\Users\Administrator\Desktop\bounce v2.0\bounce-kyc\src\pages\Home\styled.js", "JavaScript", 0, 293, 0, 0, 0, 0, 0, 0, 0, 0, 42, 335
"c:\Users\Administrator\Desktop\bounce v2.0\bounce-kyc\src\pages\InitPage.jsx", "JavaScript React", 0, 0, 0, 0, 0, 0, 0, 47, 0, 17, 14, 78
"c:\Users\Administrator\Desktop\bounce v2.0\bounce-kyc\src\pages\Kyc\Step1.jsx", "JavaScript React", 0, 0, 0, 0, 0, 0, 0, 55, 0, 1, 9, 65
"c:\Users\Administrator\Desktop\bounce v2.0\bounce-kyc\src\pages\Kyc\Step2.jsx", "JavaScript React", 0, 0, 0, 0, 0, 0, 0, 53, 0, 1, 8, 62
"c:\Users\Administrator\Desktop\bounce v2.0\bounce-kyc\src\pages\Kyc\Step3.jsx", "JavaScript React", 0, 0, 0, 0, 0, 0, 0, 102, 0, 2, 8, 112
"c:\Users\Administrator\Desktop\bounce v2.0\bounce-kyc\src\pages\Kyc\index.jsx", "JavaScript React", 0, 0, 0, 0, 0, 0, 0, 43, 0, 0, 6, 49
"c:\Users\Administrator\Desktop\bounce v2.0\bounce-kyc\src\pages\Kyc\styled.js", "JavaScript", 0, 40, 0, 0, 0, 0, 0, 0, 0, 0, 6, 46
"c:\Users\Administrator\Desktop\bounce v2.0\bounce-kyc\src\pages\PersonalInfo\index.jsx", "JavaScript React", 0, 0, 0, 0, 0, 0, 0, 128, 0, 0, 10, 138
"c:\Users\Administrator\Desktop\bounce v2.0\bounce-kyc\src\pages\PersonalInfo\styled.js", "JavaScript", 0, 65, 0, 0, 0, 0, 0, 0, 0, 0, 11, 76
"c:\Users\Administrator\Desktop\bounce v2.0\bounce-kyc\src\pages\ProjectList\index.jsx", "JavaScript React", 0, 0, 0, 0, 0, 0, 0, 71, 0, 0, 9, 80
"c:\Users\Administrator\Desktop\bounce v2.0\bounce-kyc\src\pages\ProjectList\styled.js", "JavaScript", 0, 34, 0, 0, 0, 0, 0, 0, 0, 0, 5, 39
"c:\Users\Administrator\Desktop\bounce v2.0\bounce-kyc\src\pages\components\Exhibition\Crumbs.jsx", "JavaScript React", 0, 0, 0, 0, 0, 0, 0, 13, 0, 0, 2, 15
"c:\Users\Administrator\Desktop\bounce v2.0\bounce-kyc\src\pages\components\Exhibition\Passage.jsx", "JavaScript React", 0, 0, 0, 0, 0, 0, 0, 10, 0, 0, 2, 12
"c:\Users\Administrator\Desktop\bounce v2.0\bounce-kyc\src\pages\components\Exhibition\index.jsx", "JavaScript React", 0, 0, 0, 0, 0, 0, 0, 6, 0, 0, 1, 7
"c:\Users\Administrator\Desktop\bounce v2.0\bounce-kyc\src\pages\components\Exhibition\styled.js", "JavaScript", 0, 46, 0, 0, 0, 0, 0, 0, 0, 0, 9, 55
"c:\Users\Administrator\Desktop\bounce v2.0\bounce-kyc\src\pages\components\HeaderTab\PersonalModal.jsx", "JavaScript React", 0, 0, 0, 0, 0, 0, 0, 65, 0, 1, 8, 74
"c:\Users\Administrator\Desktop\bounce v2.0\bounce-kyc\src\pages\components\HeaderTab\assets\icon-acs-sel.svg", "XML", 0, 0, 4, 0, 0, 0, 0, 0, 0, 0, 1, 5
"c:\Users\Administrator\Desktop\bounce v2.0\bounce-kyc\src\pages\components\HeaderTab\assets\icon-acs.svg", "XML", 0, 0, 4, 0, 0, 0, 0, 0, 0, 0, 1, 5
"c:\Users\Administrator\Desktop\bounce v2.0\bounce-kyc\src\pages\components\HeaderTab\assets\icon-kyc-sel.svg", "XML", 0, 0, 4, 0, 0, 0, 0, 0, 0, 0, 1, 5
"c:\Users\Administrator\Desktop\bounce v2.0\bounce-kyc\src\pages\components\HeaderTab\assets\icon-kyc.svg", "XML", 0, 0, 4, 0, 0, 0, 0, 0, 0, 0, 1, 5
"c:\Users\Administrator\Desktop\bounce v2.0\bounce-kyc\src\pages\components\HeaderTab\assets\icon-pi-sel.svg", "XML", 0, 0, 4, 0, 0, 0, 0, 0, 0, 0, 1, 5
"c:\Users\Administrator\Desktop\bounce v2.0\bounce-kyc\src\pages\components\HeaderTab\assets\icon-pi.svg", "XML", 0, 0, 4, 0, 0, 0, 0, 0, 0, 0, 1, 5
"c:\Users\Administrator\Desktop\bounce v2.0\bounce-kyc\src\pages\components\HeaderTab\config.js", "JavaScript", 0, 14, 0, 0, 0, 0, 0, 0, 0, 10, 2, 26
"c:\Users\Administrator\Desktop\bounce v2.0\bounce-kyc\src\pages\components\HeaderTab\index.jsx", "JavaScript React", 0, 0, 0, 0, 0, 0, 0, 109, 0, 1, 9, 119
"c:\Users\Administrator\Desktop\bounce v2.0\bounce-kyc\src\pages\components\HeaderTab\styled.js", "JavaScript", 0, 131, 0, 0, 0, 0, 0, 0, 0, 0, 22, 153
"c:\Users\Administrator\Desktop\bounce v2.0\bounce-kyc\src\pages\components\Modal\Confirm.jsx", "JavaScript React", 0, 0, 0, 0, 0, 0, 0, 32, 0, 0, 5, 37
"c:\Users\Administrator\Desktop\bounce v2.0\bounce-kyc\src\pages\components\Modal\Support.jsx", "JavaScript React", 0, 0, 0, 0, 0, 0, 0, 22, 0, 0, 2, 24
"c:\Users\Administrator\Desktop\bounce v2.0\bounce-kyc\src\pages\components\Modal\index.jsx", "JavaScript React", 0, 0, 0, 0, 0, 0, 0, 72, 0, 1, 13, 86
"c:\Users\Administrator\Desktop\bounce v2.0\bounce-kyc\src\pages\components\Modal\styled.js", "JavaScript", 0, 102, 0, 0, 0, 0, 0, 0, 0, 0, 18, 120
"c:\Users\Administrator\Desktop\bounce v2.0\bounce-kyc\src\pages\components\Table\Button.jsx", "JavaScript React", 0, 0, 0, 0, 0, 0, 0, 22, 0, 0, 2, 24
"c:\Users\Administrator\Desktop\bounce v2.0\bounce-kyc\src\pages\components\Table\Check.jsx", "JavaScript React", 0, 0, 0, 0, 0, 0, 0, 25, 0, 0, 5, 30
"c:\Users\Administrator\Desktop\bounce v2.0\bounce-kyc\src\pages\components\Table\Form.jsx", "JavaScript React", 0, 0, 0, 0, 0, 0, 0, 12, 0, 0, 3, 15
"c:\Users\Administrator\Desktop\bounce v2.0\bounce-kyc\src\pages\components\Table\Input.jsx", "JavaScript React", 0, 0, 0, 0, 0, 0, 0, 118, 0, 0, 16, 134
"c:\Users\Administrator\Desktop\bounce v2.0\bounce-kyc\src\pages\components\Table\Select.jsx", "JavaScript React", 0, 0, 0, 0, 0, 0, 0, 39, 0, 0, 5, 44
"c:\Users\Administrator\Desktop\bounce v2.0\bounce-kyc\src\pages\components\Table\Text.jsx", "JavaScript React", 0, 0, 0, 0, 0, 0, 0, 11, 0, 0, 3, 14
"c:\Users\Administrator\Desktop\bounce v2.0\bounce-kyc\src\pages\components\Table\Upload.jsx", "JavaScript React", 0, 0, 0, 0, 0, 0, 0, 88, 0, 2, 11, 101
"c:\Users\Administrator\Desktop\bounce v2.0\bounce-kyc\src\pages\components\Table\index.jsx", "JavaScript React", 0, 0, 0, 0, 0, 0, 0, 16, 0, 0, 1, 17
"c:\Users\Administrator\Desktop\bounce v2.0\bounce-kyc\src\pages\components\Table\styled.js", "JavaScript", 0, 294, 0, 0, 0, 0, 0, 0, 0, 1, 44, 339
"c:\Users\Administrator\Desktop\bounce v2.0\bounce-kyc\src\pages\index.jsx", "JavaScript React", 0, 0, 0, 0, 0, 0, 0, 49, 0, 1, 5, 55
"c:\Users\Administrator\Desktop\bounce v2.0\bounce-kyc\src\pages\styled.js", "JavaScript", 0, 9, 0, 0, 0, 0, 0, 0, 0, 0, 2, 11
"c:\Users\Administrator\Desktop\bounce v2.0\bounce-kyc\src\reducer.js", "JavaScript", 0, 24, 0, 0, 0, 0, 0, 0, 0, 0, 6, 30
"c:\Users\Administrator\Desktop\bounce v2.0\bounce-kyc\src\redux\index.js", "JavaScript", 0, 11, 0, 0, 0, 0, 0, 0, 0, 0, 3, 14
"c:\Users\Administrator\Desktop\bounce v2.0\bounce-kyc\src\redux\reducer.js", "JavaScript", 0, 32, 0, 0, 0, 0, 0, 0, 0, 0, 4, 36
"c:\Users\Administrator\Desktop\bounce v2.0\bounce-kyc\src\test\index.jsx", "JavaScript React", 0, 0, 0, 0, 0, 0, 0, 29, 0, 1, 7, 37
"c:\Users\Administrator\Desktop\bounce v2.0\bounce-kyc\src\utils\common.js", "JavaScript", 0, 22, 0, 0, 0, 0, 0, 0, 0, 0, 8, 30
"c:\Users\Administrator\Desktop\bounce v2.0\bounce-kyc\src\utils\crop-image.js", "JavaScript", 0, 33, 0, 0, 0, 0, 0, 0, 0, 0, 9, 42
"c:\Users\Administrator\Desktop\bounce v2.0\bounce-kyc\src\utils\fetchApi.js", "JavaScript", 0, 8, 0, 0, 0, 0, 0, 0, 0, 0, 2, 10
"c:\Users\Administrator\Desktop\bounce v2.0\bounce-kyc\src\utils\form.js", "JavaScript", 0, 5, 0, 0, 0, 0, 0, 0, 0, 0, 2, 7
"c:\Users\Administrator\Desktop\bounce v2.0\bounce-kyc\src\utils\format.js", "JavaScript", 0, 20, 0, 0, 0, 0, 0, 0, 0, 0, 7, 27
"c:\Users\Administrator\Desktop\bounce v2.0\bounce-kyc\src\utils\numberTransform.js", "JavaScript", 0, 60, 0, 0, 0, 0, 0, 0, 0, 0, 16, 76
"c:\Users\Administrator\Desktop\bounce v2.0\bounce-kyc\src\utils\promisify.js", "JavaScript", 0, 15, 0, 0, 0, 0, 0, 0, 0, 0, 1, 16
"c:\Users\Administrator\Desktop\bounce v2.0\bounce-kyc\src\utils\themeHooks.js", "JavaScript", 0, 17, 0, 0, 0, 0, 0, 0, 0, 0, 5, 22
"c:\Users\Administrator\Desktop\bounce v2.0\bounce-kyc\src\utils\time.js", "JavaScript", 0, 80, 0, 0, 0, 0, 0, 0, 0, 0, 10, 90
"c:\Users\Administrator\Desktop\bounce v2.0\bounce-kyc\src\web3\abi\BouncePro.json", "JSON", 0, 0, 0, 0, 0, 0, 20264, 0, 0, 0, 1, 20265
"c:\Users\Administrator\Desktop\bounce v2.0\bounce-kyc\src\web3\abi\BounceProVoting.json", "JSON", 0, 0, 0, 0, 0, 0, 7832, 0, 0, 0, 1, 7833
"c:\Users\Administrator\Desktop\bounce v2.0\bounce-kyc\src\web3\abi\bounceERC20.json", "JSON", 0, 0, 0, 0, 0, 0, 2119, 0, 0, 0, 0, 2119
"c:\Users\Administrator\Desktop\bounce v2.0\bounce-kyc\src\web3\address.js", "JavaScript", 0, 36, 0, 0, 0, 0, 0, 0, 0, 0, 3, 39
"c:\Users\Administrator\Desktop\bounce v2.0\bounce-kyc\src\web3\index.js", "JavaScript", 0, 9, 0, 0, 0, 0, 0, 0, 0, 1, 3, 13
"c:\Users\Administrator\Desktop\bounce v2.0\bounce-kyc\yarn-error.log", "Log", 0, 0, 0, 0, 0, 0, 0, 0, 10467, 0, 1553, 12020
"Total", "-", 38, 3347, 395, 210, 20, 251, 30297, 2739, 10467, 103, 2722, 50589